1,すみ,男性,diddy2983@yahoo.co.jp,5ae9af80a2591c2e7d182c4b89ebde79,住谷祐太
2,Ryoko,女性,diddy2983@yahoo.co.jp,b59c67bf196a4758191e42f76670ceba,佐藤涼子
3,てつこ,女性,diddy2983@yahoo.co.jp,934b535800b1cba8f96a5d72f72f1611,徹子
4,たけ,女性,diddy2983@yahoo.co.jp,b59c67bf196a4758191e42f76670ceba,たけこ
5,だいすけ,男性,sample@yahoo.co.jp,5ae9af80a2591c2e7d182c4b89ebde79,佐藤だいすけ
6,たける,男性,diddy2983@yahoo.co.jp,250cf8b51c773f3f8dc8b4be867a9a02,佐藤武
7,けい,男性,diddy2983@yahoo.co.jp,b706835de79a2b4e80506f582af3676a,田中けい
8,ひな,女性,diddy2983@yahoo.co.jp,2be9bd7a3434f7038ca27d1918de58bd,田中陽菜
9,さくら,女性,diddy2983@yahoo.co.jp,dbc4d84bfcfe2284ba11beffb853a8c4,清水桜
10,りみ,女性,diddy2983@yahoo.co.jp,6074c6aa3488f3c2dddff2a7ca821aab,牛込りみ
